filepath,score
data/raw/pool/syn_hard_neg_00170.jpg,0.96700191
data/raw/pool/syn_hard_neg_00068.jpg,0.91620183
data/raw/pool/syn_hard_neg_00041.jpg,0.90608948
data/raw/pool/syn_hard_neg_00057.jpg,0.89625239
data/raw/pool/syn_hard_neg_00259.jpg,0.89299327
data/raw/pool/neg_rvlcdip_other_01215.jpg,0.89172959
data/raw/pool/syn_hard_neg_00094.jpg,0.89119554
data/raw/pool/syn_hard_neg_00042.jpg,0.88958204
data/raw/pool/syn_hard_neg_00019.jpg,0.88313228
data/raw/pool/neg_rvlcdip_other_00752.jpg,0.87858027
data/raw/pool/syn_hard_neg_00357.jpg,0.87765509
data/raw/pool/syn_hard_neg_00315.jpg,0.87510198
data/raw/pool/neg_rvlcdip_other_00490.jpg,0.87253231
data/raw/pool/syn_hard_neg_00148.jpg,0.87084770
data/raw/pool/syn_hard_neg_00202.jpg,0.86702681
data/raw/pool/neg_rvlcdip_other_01226.jpg,0.86401993
data/raw/pool/syn_hard_neg_00120.jpg,0.85836542
data/raw/pool/neg_rvlcdip_other_00763.jpg,0.85761666
data/raw/pool/syn_hard_neg_00346.jpg,0.85212827
data/raw/pool/neg_rvlcdip_other_00751.jpg,0.84707612
data/raw/pool/syn_hard_neg_00367.jpg,0.84600586
data/raw/pool/syn_hard_neg_00166.jpg,0.84166783
data/raw/pool/syn_hard_neg_00115.jpg,0.84136039
data/raw/pool/syn_hard_neg_00375.jpg,0.84056473
data/raw/pool/syn_hard_neg_00297.jpg,0.83772916
data/raw/pool/syn_hard_neg_00133.jpg,0.83756107
data/raw/pool/syn_hard_neg_00326.jpg,0.83721691
data/raw/pool/neg_coco_photos_00268.jpg,0.83667392
data/raw/pool/neg_rvlcdip_other_00679.jpg,0.82678849
data/raw/pool/neg_rvlcdip_other_00528.jpg,0.82513094
data/raw/pool/syn_hard_neg_00238.jpg,0.81809026
data/raw/pool/syn_hard_neg_00092.jpg,0.81745005
data/raw/pool/syn_hard_neg_00263.jpg,0.81313968
data/raw/pool/neg_rvlcdip_other_01263.jpg,0.81077230
data/raw/pool/syn_hard_neg_00339.jpg,0.80950153
data/raw/pool/syn_hard_neg_00211.jpg,0.80602950
data/raw/pool/syn_hard_neg_00143.jpg,0.80576992
data/raw/pool/neg_rvlcdip_other_00078.jpg,0.79946661
data/raw/pool/syn_hard_neg_00309.jpg,0.79601556
data/raw/pool/syn_hard_neg_00354.jpg,0.79543716
data/raw/pool/neg_rvlcdip_other_00738.jpg,0.79247773
data/raw/pool/neg_rvlcdip_other_00618.jpg,0.79154032
data/raw/pool/neg_rvlcdip_other_00592.jpg,0.78909230
data/raw/pool/neg_rvlcdip_other_00594.jpg,0.78878212
data/raw/pool/syn_hard_neg_00255.jpg,0.78784811
data/raw/pool/neg_rvlcdip_other_00538.jpg,0.78742957
data/raw/pool/syn_hard_neg_00275.jpg,0.78528798
data/raw/pool/syn_hard_neg_00348.jpg,0.78518695
data/raw/pool/syn_hard_neg_00307.jpg,0.78504521
data/raw/pool/syn_hard_neg_00109.jpg,0.78442544
data/raw/pool/syn_hard_neg_00052.jpg,0.78284371
data/raw/pool/neg_rvlcdip_other_00756.jpg,0.78218842
data/raw/pool/neg_rvlcdip_other_00410.jpg,0.77819800
data/raw/pool/neg_rvlcdip_other_00624.jpg,0.77774733
data/raw/pool/neg_rvlcdip_other_00550.jpg,0.77265662
data/raw/pool/neg_rvlcdip_other_00547.jpg,0.77164412
data/raw/pool/syn_hard_neg_00009.jpg,0.77035409
data/raw/pool/syn_hard_neg_00318.jpg,0.76868916
data/raw/pool/neg_rvlcdip_other_00703.jpg,0.76769489
data/raw/pool/neg_rvlcdip_other_00161.jpg,0.76500434
data/raw/pool/neg_rvlcdip_other_00402.jpg,0.76451766
data/raw/pool/syn_hard_neg_00127.jpg,0.76389819
data/raw/pool/neg_rvlcdip_other_00587.jpg,0.75886643
data/raw/pool/syn_hard_neg_00250.jpg,0.75861865
data/raw/pool/syn_hard_pos_00394.jpg,0.75850779
data/raw/pool/syn_hard_neg_00045.jpg,0.75773364
data/raw/pool/syn_hard_neg_00269.jpg,0.75360143
data/raw/pool/syn_hard_pos_00198.jpg,0.75279999
data/raw/pool/syn_hard_neg_00359.jpg,0.75233334
data/raw/pool/syn_hard_neg_00220.jpg,0.75139815
data/raw/pool/syn_hard_neg_00037.jpg,0.74786508
data/raw/pool/neg_rvlcdip_other_01668.jpg,0.74002069
data/raw/pool/neg_rvlcdip_other_00230.jpg,0.73959494
data/raw/pool/neg_rvlcdip_other_01587.jpg,0.73851371
data/raw/pool/syn_hard_neg_00341.jpg,0.73317087
data/raw/pool/neg_rvlcdip_other_00535.jpg,0.73202044
data/raw/pool/syn_hard_neg_00372.jpg,0.73125589
data/raw/pool/syn_hard_neg_00257.jpg,0.72789586
data/raw/pool/neg_rvlcdip_other_00546.jpg,0.72677565
data/raw/pool/neg_rvlcdip_other_00566.jpg,0.71951061
data/raw/pool/syn_hard_neg_00025.jpg,0.71823013
data/raw/pool/neg_rvlcdip_other_00683.jpg,0.71417165
data/raw/pool/syn_hard_neg_00285.jpg,0.71328962
data/raw/pool/neg_rvlcdip_other_00591.jpg,0.71298015
data/raw/pool/neg_rvlcdip_other_00338.jpg,0.71165651
data/raw/pool/syn_hard_neg_00328.jpg,0.71070981
data/raw/pool/syn_hard_neg_00196.jpg,0.70880991
data/raw/pool/syn_hard_neg_00039.jpg,0.70687950
data/raw/pool/neg_rvlcdip_other_01373.jpg,0.70115751
data/raw/pool/neg_rvlcdip_other_00677.jpg,0.70050597
data/raw/pool/syn_hard_neg_00379.jpg,0.69608039
data/raw/pool/neg_rvlcdip_other_00629.jpg,0.69535875
data/raw/pool/neg_rvlcdip_other_00568.jpg,0.69516003
data/raw/pool/syn_hard_neg_00281.jpg,0.69484645
data/raw/pool/syn_hard_neg_00388.jpg,0.69432610
data/raw/pool/neg_rvlcdip_other_00641.jpg,0.69342655
data/raw/pool/neg_rvlcdip_other_00647.jpg,0.69318712
data/raw/pool/neg_rvlcdip_other_01437.jpg,0.69258815
data/raw/pool/syn_hard_neg_00214.jpg,0.69236791
data/raw/pool/neg_rvlcdip_other_00632.jpg,0.68854231
data/raw/pool/neg_rvlcdip_other_00593.jpg,0.68768752
data/raw/pool/neg_rvlcdip_other_00584.jpg,0.68395895
data/raw/pool/neg_rvlcdip_other_00478.jpg,0.68365759
data/raw/pool/syn_hard_neg_00082.jpg,0.67327493
data/raw/pool/neg_rvlcdip_other_00474.jpg,0.66816282
data/raw/pool/syn_hard_neg_00128.jpg,0.66727233
data/raw/pool/neg_rvlcdip_other_01476.jpg,0.66308159
data/raw/pool/syn_hard_neg_00035.jpg,0.65869945
data/raw/pool/neg_rvlcdip_other_00238.jpg,0.65831512
data/raw/pool/neg_rvlcdip_other_00028.jpg,0.65655214
data/raw/pool/neg_rvlcdip_other_00732.jpg,0.65546256
data/raw/pool/syn_hard_neg_00331.jpg,0.65284884
data/raw/pool/syn_hard_neg_00338.jpg,0.65234113
data/raw/pool/neg_rvlcdip_other_00471.jpg,0.65169424
data/raw/pool/syn_hard_neg_00004.jpg,0.64747381
data/raw/pool/syn_hard_neg_00231.jpg,0.64581668
data/raw/pool/syn_hard_neg_00139.jpg,0.64506310
data/raw/pool/neg_rvlcdip_other_00614.jpg,0.64210337
data/raw/pool/neg_rvlcdip_other_00554.jpg,0.63829571
data/raw/pool/syn_hard_neg_00008.jpg,0.63776261
data/raw/pool/syn_hard_neg_00299.jpg,0.63764602
data/raw/pool/syn_hard_neg_00301.jpg,0.63754421
data/raw/pool/neg_rvlcdip_other_01581.jpg,0.63168901
data/raw/pool/neg_rvlcdip_other_00386.jpg,0.63168180
data/raw/pool/neg_rvlcdip_other_00404.jpg,0.62944877
data/raw/pool/syn_hard_neg_00380.jpg,0.62856644
data/raw/pool/syn_hard_neg_00178.jpg,0.62833399
data/raw/pool/neg_rvlcdip_other_00705.jpg,0.62673002
data/raw/pool/syn_hard_neg_00314.jpg,0.62593216
data/raw/pool/syn_hard_neg_00254.jpg,0.62580746
data/raw/pool/neg_rvlcdip_other_00664.jpg,0.62479174
data/raw/pool/syn_hard_neg_00274.jpg,0.62378561
data/raw/pool/neg_rvlcdip_other_00122.jpg,0.62261373
data/raw/pool/syn_hard_neg_00224.jpg,0.62216830
data/raw/pool/neg_rvlcdip_other_00697.jpg,0.62137163
data/raw/pool/syn_hard_neg_00370.jpg,0.61737859
data/raw/pool/neg_rvlcdip_other_01524.jpg,0.61690414
data/raw/pool/neg_rvlcdip_other_00083.jpg,0.61642885
data/raw/pool/neg_rvlcdip_other_00380.jpg,0.61504412
data/raw/pool/syn_hard_neg_00212.jpg,0.61453551
data/raw/pool/neg_rvlcdip_other_01400.jpg,0.61226481
data/raw/pool/neg_rvlcdip_other_01550.jpg,0.60979295
data/raw/pool/neg_rvlcdip_other_01376.jpg,0.60766459
data/raw/pool/neg_rvlcdip_other_00401.jpg,0.60759431
data/raw/pool/neg_rvlcdip_other_00417.jpg,0.60369790
data/raw/pool/neg_rvlcdip_other_01447.jpg,0.60354197
data/raw/pool/neg_rvlcdip_other_01559.jpg,0.60262060
data/raw/pool/neg_rvlcdip_other_00672.jpg,0.60254025
data/raw/pool/neg_rvlcdip_other_00736.jpg,0.60195106
data/raw/pool/syn_hard_neg_00193.jpg,0.60011661
data/raw/pool/syn_hard_neg_00236.jpg,0.59946668
data/raw/pool/neg_rvlcdip_other_00582.jpg,0.59902447
data/raw/pool/neg_rvlcdip_other_00434.jpg,0.59819043
data/raw/pool/neg_rvlcdip_other_00622.jpg,0.59742713
data/raw/pool/syn_hard_neg_00111.jpg,0.59721559
data/raw/pool/syn_hard_neg_00381.jpg,0.59142596
data/raw/pool/neg_rvlcdip_other_01464.jpg,0.59096104
data/raw/pool/syn_hard_neg_00071.jpg,0.58756661
data/raw/pool/syn_hard_neg_00103.jpg,0.58716935
data/raw/pool/syn_hard_neg_00392.jpg,0.58631653
data/raw/pool/neg_rvlcdip_other_00767.jpg,0.58536774
data/raw/pool/syn_hard_neg_00209.jpg,0.58308041
data/raw/pool/syn_hard_neg_00046.jpg,0.58270633
data/raw/pool/neg_rvlcdip_other_00420.jpg,0.58069032
data/raw/pool/syn_hard_neg_00371.jpg,0.57893419
data/raw/pool/neg_rvlcdip_other_00000.jpg,0.57824606
data/raw/pool/syn_hard_neg_00256.jpg,0.57763636
data/raw/pool/syn_hard_neg_00244.jpg,0.57754701
data/raw/pool/neg_rvlcdip_other_00558.jpg,0.57726258
data/raw/pool/neg_rvlcdip_other_01248.jpg,0.57669777
data/raw/pool/neg_rvlcdip_other_00169.jpg,0.57651538
data/raw/pool/neg_rvlcdip_other_00384.jpg,0.57609361
data/raw/pool/neg_rvlcdip_other_00496.jpg,0.57381648
data/raw/pool/neg_rvlcdip_other_00477.jpg,0.57337248
data/raw/pool/syn_hard_neg_00069.jpg,0.57295007
data/raw/pool/neg_rvlcdip_other_01323.jpg,0.57261217
data/raw/pool/neg_rvlcdip_other_01387.jpg,0.57156795
data/raw/pool/neg_rvlcdip_other_00690.jpg,0.57136953
data/raw/pool/neg_rvlcdip_other_00586.jpg,0.57044667
data/raw/pool/neg_rvlcdip_other_00556.jpg,0.57004881
data/raw/pool/neg_rvlcdip_other_00275.jpg,0.56775975
data/raw/pool/neg_rvlcdip_other_00079.jpg,0.56750315
data/raw/pool/neg_rvlcdip_other_01638.jpg,0.56595331
data/raw/pool/syn_hard_neg_00026.jpg,0.56447941
data/raw/pool/neg_rvlcdip_other_00135.jpg,0.56410110
data/raw/pool/syn_hard_neg_00144.jpg,0.56275439
data/raw/pool/syn_hard_neg_00206.jpg,0.56044257
data/raw/pool/neg_rvlcdip_other_00627.jpg,0.55941635
data/raw/pool/neg_rvlcdip_other_00030.jpg,0.55750781
data/raw/pool/syn_hard_neg_00102.jpg,0.55615371
data/raw/pool/neg_rvlcdip_other_00439.jpg,0.55549228
data/raw/pool/neg_rvlcdip_other_01583.jpg,0.55216396
data/raw/pool/syn_hard_neg_00320.jpg,0.55190665
data/raw/pool/neg_rvlcdip_other_00607.jpg,0.55166584
data/raw/pool/neg_rvlcdip_other_00504.jpg,0.55086404
data/raw/pool/neg_rvlcdip_other_01459.jpg,0.55017781
data/raw/pool/neg_rvlcdip_other_00088.jpg,0.54839367
data/raw/pool/neg_rvlcdip_other_00517.jpg,0.54717314
data/raw/pool/neg_rvlcdip_other_00770.jpg,0.54671055
data/raw/pool/syn_hard_neg_00234.jpg,0.54364270
data/raw/pool/neg_rvlcdip_other_00710.jpg,0.54212195
data/raw/pool/neg_rvlcdip_other_00589.jpg,0.54088867
data/raw/pool/syn_hard_neg_00304.jpg,0.54072857
data/raw/pool/neg_rvlcdip_other_00149.jpg,0.53945547
data/raw/pool/syn_hard_neg_00015.jpg,0.53763795
data/raw/pool/neg_rvlcdip_other_00564.jpg,0.53612655
data/raw/pool/syn_hard_neg_00356.jpg,0.53338599
data/raw/pool/neg_rvlcdip_other_00081.jpg,0.53326672
data/raw/pool/neg_rvlcdip_other_00760.jpg,0.53239805
data/raw/pool/neg_rvlcdip_other_00510.jpg,0.53211373
data/raw/pool/syn_hard_neg_00123.jpg,0.53037959
data/raw/pool/neg_rvlcdip_other_00089.jpg,0.52799159
data/raw/pool/neg_rvlcdip_other_00757.jpg,0.52688348
data/raw/pool/neg_rvlcdip_other_00533.jpg,0.52570391
data/raw/pool/syn_hard_neg_00253.jpg,0.52555770
data/raw/pool/neg_rvlcdip_other_00706.jpg,0.52549833
data/raw/pool/neg_rvlcdip_other_00670.jpg,0.52468240
data/raw/pool/neg_rvlcdip_other_00066.jpg,0.52438432
data/raw/pool/syn_hard_neg_00185.jpg,0.52423871
data/raw/pool/neg_rvlcdip_other_00707.jpg,0.52190584
data/raw/pool/neg_rvlcdip_other_00519.jpg,0.51997858
data/raw/pool/neg_rvlcdip_other_00774.jpg,0.51974136
data/raw/pool/syn_hard_neg_00040.jpg,0.51564074
data/raw/pool/neg_rvlcdip_other_00712.jpg,0.51369095
data/raw/pool/syn_hard_neg_00072.jpg,0.51266980
data/raw/pool/syn_hard_neg_00268.jpg,0.50686353
data/raw/pool/neg_rvlcdip_other_01358.jpg,0.50643462
data/raw/pool/neg_rvlcdip_other_00765.jpg,0.50614458
data/raw/pool/syn_hard_neg_00095.jpg,0.50553763
data/raw/pool/syn_hard_neg_00085.jpg,0.50518775
data/raw/pool/neg_rvlcdip_other_01272.jpg,0.49961123
data/raw/pool/neg_rvlcdip_other_00513.jpg,0.49795231
data/raw/pool/syn_hard_neg_00368.jpg,0.49725649
data/raw/pool/syn_hard_neg_00383.jpg,0.49589458
data/raw/pool/neg_rvlcdip_other_00573.jpg,0.49503633
data/raw/pool/neg_rvlcdip_other_01213.jpg,0.49171150
data/raw/pool/syn_hard_neg_00142.jpg,0.49101830
data/raw/pool/neg_rvlcdip_other_00281.jpg,0.49078843
data/raw/pool/syn_hard_neg_00061.jpg,0.49025127
data/raw/pool/syn_hard_neg_00319.jpg,0.48931023
data/raw/pool/neg_rvlcdip_other_01425.jpg,0.48831463
data/raw/pool/syn_hard_neg_00152.jpg,0.48665664
data/raw/pool/neg_rvlcdip_other_00479.jpg,0.48479268
data/raw/pool/neg_rvlcdip_other_00675.jpg,0.48451585
data/raw/pool/neg_rvlcdip_other_00332.jpg,0.48385137
data/raw/pool/neg_rvlcdip_other_00722.jpg,0.48226702
data/raw/pool/neg_rvlcdip_other_00076.jpg,0.47877178
data/raw/pool/neg_rvlcdip_other_00577.jpg,0.47777492
data/raw/pool/neg_rvlcdip_other_00754.jpg,0.47764125
data/raw/pool/neg_rvlcdip_other_00663.jpg,0.47552881
data/raw/pool/neg_rvlcdip_other_01511.jpg,0.47480449
data/raw/pool/syn_hard_neg_00386.jpg,0.47450852
data/raw/pool/neg_rvlcdip_other_00693.jpg,0.47314632
data/raw/pool/neg_rvlcdip_other_01256.jpg,0.47228292
data/raw/pool/syn_hard_neg_00385.jpg,0.46900088
data/raw/pool/neg_rvlcdip_other_00615.jpg,0.46898514
data/raw/pool/syn_hard_neg_00074.jpg,0.46722120
data/raw/pool/neg_rvlcdip_other_01456.jpg,0.46649575
data/raw/pool/neg_rvlcdip_other_00512.jpg,0.46564317
data/raw/pool/neg_rvlcdip_other_00660.jpg,0.46378684
data/raw/pool/syn_hard_neg_00155.jpg,0.46324039
data/raw/pool/neg_rvlcdip_other_00798.jpg,0.46290743
data/raw/pool/syn_hard_neg_00017.jpg,0.46258926
data/raw/pool/syn_hard_neg_00216.jpg,0.46241418
data/raw/pool/syn_hard_neg_00399.jpg,0.46175736
data/raw/pool/neg_rvlcdip_other_00322.jpg,0.46142939
data/raw/pool/syn_hard_neg_00207.jpg,0.46069446
data/raw/pool/neg_rvlcdip_other_00651.jpg,0.45821312
data/raw/pool/neg_rvlcdip_other_00621.jpg,0.45572421
data/raw/pool/neg_rvlcdip_other_01713.jpg,0.45406774
data/raw/pool/neg_rvlcdip_other_01786.jpg,0.45378548
data/raw/pool/neg_rvlcdip_other_00492.jpg,0.45291403
data/raw/pool/neg_rvlcdip_other_01448.jpg,0.44926894
data/raw/pool/neg_rvlcdip_other_00460.jpg,0.44808567
data/raw/pool/neg_rvlcdip_other_00623.jpg,0.44792107
data/raw/pool/neg_rvlcdip_other_00530.jpg,0.44756788
data/raw/pool/syn_hard_neg_00325.jpg,0.44684279
data/raw/pool/neg_rvlcdip_other_00579.jpg,0.44633278
data/raw/pool/syn_hard_neg_00355.jpg,0.44237238
data/raw/pool/neg_rvlcdip_other_00486.jpg,0.44236979
data/raw/pool/neg_rvlcdip_other_00498.jpg,0.44231516
data/raw/pool/neg_rvlcdip_other_00781.jpg,0.43853912
data/raw/pool/neg_rvlcdip_other_00146.jpg,0.43789735
data/raw/pool/neg_rvlcdip_other_00194.jpg,0.43547636
data/raw/pool/neg_rvlcdip_other_00581.jpg,0.43498048
data/raw/pool/syn_hard_neg_00249.jpg,0.43371662
data/raw/pool/neg_rvlcdip_other_00437.jpg,0.43370876
data/raw/pool/syn_hard_neg_00222.jpg,0.43309727
data/raw/pool/neg_rvlcdip_other_00796.jpg,0.42982149
data/raw/pool/syn_hard_neg_00177.jpg,0.42693692
data/raw/pool/syn_hard_neg_00271.jpg,0.42534170
data/raw/pool/neg_rvlcdip_other_01328.jpg,0.42487782
data/raw/pool/neg_rvlcdip_other_01683.jpg,0.42393652
data/raw/pool/neg_rvlcdip_other_01458.jpg,0.42215028
data/raw/pool/syn_hard_neg_00150.jpg,0.42206565
data/raw/pool/neg_rvlcdip_other_00255.jpg,0.42160133
data/raw/pool/neg_rvlcdip_other_00431.jpg,0.42117158
data/raw/pool/neg_rvlcdip_other_01388.jpg,0.42057976
data/raw/pool/neg_rvlcdip_other_00613.jpg,0.42049018
data/raw/pool/syn_hard_neg_00241.jpg,0.42000586
