filepath,split
Negative/179119.jpeg,train
Negative/194562.jpeg,train
Negative/212504.jpeg,train
Negative/3f572f1b-2fd5-4186-a27a-9fce712a3ffe.jpg,train
Negative/6a634815-6801-4a60-9fe4-c2179e2558dd.jpg,train
Negative/IMG_0206.PNG,train
Negative/IMG_0373.PNG,train
Negative/IMG_0921.jpeg,train
Negative/IMG_3257.jpeg,train
Negative/IMG_5200.jpeg,train
Negative/IMG_7899.PNG,train
Negative/a919a411-73b4-44fd-81e4-978d6253dbd4.jpg,train
Negative/35df1041-4635-4252-9158-a89ae3de1a46.jpg,val
Negative/IMG_5683.PNG,val
Negative/183996.jpeg,test
Negative/3096da16-2470-4c67-92c2-9b3125b0911f.jpg,test
Negative/dce7ccdb-330a-4501-bf0f-a088d39f0c73.jpg,test
